sweep,n_assets,q,strategy,sharpe,ann_return,ann_volatility,avg_turnover,avg_effective_n,avg_condition_number,max_drawdown,n_rebalances,tail,df
n_over_t,15.0,0.125,constrained,2.327513493298514,0.10193996965182826,0.044983012651032474,0.15495970473827722,9.569977523098293,105.91510666233404,-0.023859329187373362,10.0,,
n_over_t,15.0,0.125,equal_weight,1.823440428365781,0.09493503122052487,0.07014847954198826,0.0,15.0,105.91510666233404,-0.05805257827181128,10.0,,
n_over_t,15.0,0.125,markowitz,2.609670950979547,0.11647523612056081,0.044657255997136706,0.18414106021254806,9.01070489515329,105.91510666233404,-0.022990321023422466,10.0,,
n_over_t,15.0,0.125,proposed,2.0899606126764927,0.10052994248895415,0.058985741327072766,0.013258136285941908,14.820570940482705,105.91510666233404,-0.04325466705303508,10.0,,
n_over_t,15.0,0.125,ridge,2.407395737088532,0.11041415470055778,0.04809118860099696,0.039344329605301404,13.932611203358269,105.91510666233404,-0.02554777538871178,10.0,,
n_over_t,15.0,0.125,shrinkage,2.629071385711295,0.11535018770650135,0.04415403678286559,0.13874718739271522,10.643647966084975,59.49540810944334,-0.021990373440849753,10.0,,
n_over_t,40.0,0.3333333333333333,constrained,4.325517061680521,0.12475817689227627,0.028864510453941353,0.3034175528040973,20.960668697086362,429.28914326289197,-0.011316009193895712,10.0,,
n_over_t,40.0,0.3333333333333333,equal_weight,1.4440679752242829,0.08772182881486941,0.05763994906886092,0.0,39.99999999999999,429.28914326289197,-0.03764069106215092,10.0,,
n_over_t,40.0,0.3333333333333333,markowitz,4.287510528153077,0.12850924759117266,0.030023857801779186,0.3851035799969316,19.17181787765283,429.28914326289197,-0.01082475772455164,10.0,,
n_over_t,40.0,0.3333333333333333,proposed,1.9383649713975195,0.0978444536321616,0.050010686946295624,0.005298215233936116,39.84783552747274,429.28914326289197,-0.028747809145809655,10.0,,
n_over_t,40.0,0.3333333333333333,ridge,4.887927949819714,0.13905172835342797,0.028407153904939992,0.05881043125601652,35.82488998195108,429.28914326289197,-0.00942886613580359,10.0,,
n_over_t,40.0,0.3333333333333333,shrinkage,4.868429016053309,0.13646052385292856,0.028039448006879047,0.22008382773465032,26.573289317634718,135.88834375895212,-0.010038985713727596,10.0,,
n_over_t,80.0,0.6666666666666666,constrained,7.097749392824106,0.1524004950455699,0.021599762115761242,0.45639005476091543,36.669023769216466,4475.561486629594,-0.006177906875762955,10.0,,
n_over_t,80.0,0.6666666666666666,equal_weight,4.446681268592555,0.12323289569384183,0.03568887234057066,0.0,79.99999999999997,4475.561486629594,-0.020347047026520976,10.0,,
n_over_t,80.0,0.6666666666666666,markowitz,5.158030872752237,0.1473663453528353,0.028778321208814562,0.9766207941957701,22.38655180599152,4475.561486629594,-0.010993331671997267,10.0,,
n_over_t,80.0,0.6666666666666666,proposed,4.700920436330317,0.1259625941829409,0.03289487993866228,0.0017737785776956651,79.95567826543021,4475.561486629594,-0.016653063669334462,10.0,,
n_over_t,80.0,0.6666666666666666,ridge,7.5203847976262095,0.14228104085941842,0.019011554485825994,0.07009779761396638,74.79589443847276,4475.561486629594,-0.005300356094011212,10.0,,
n_over_t,80.0,0.6666666666666666,shrinkage,7.476113636833138,0.14865586219626317,0.020016511605573432,0.31778111312006335,50.40440898044509,442.9104270194604,-0.0050760989910917,10.0,,
n_over_t,110.0,0.9166666666666666,constrained,5.055641390558439,0.103957920712341,0.02052782917192832,0.5900325749526821,45.9237541166249,104289.6589322873,-0.006917047137707207,10.0,,
n_over_t,110.0,0.9166666666666666,equal_weight,4.505491556501774,0.12500757166971913,0.03465557142755679,0.0,110.00000000000004,104289.6589322873,-0.011048481466981749,10.0,,
n_over_t,110.0,0.9166666666666666,markowitz,0.6218986515547736,0.028990175928968784,0.05508056422975571,3.4010110974217205,8.33904973002266,89807.90536161233,-0.051766591811829334,7.333333333333333,,
n_over_t,110.0,0.9166666666666666,proposed,4.690638455411893,0.12505239219665648,0.032651799614045206,0.001522092980101106,109.96611041735923,104289.6589322873,-0.010235696517876184,10.0,,
n_over_t,110.0,0.9166666666666666,ridge,7.351190636411599,0.1252173718572066,0.01694715994718081,0.08415586825514872,101.62328280212138,104289.6589322873,-0.0043933426413929055,10.0,,
n_over_t,110.0,0.9166666666666666,shrinkage,6.250237847419757,0.116818356569744,0.01859301972907921,0.40155006342714383,65.49389065741182,651.1166645806043,-0.004991682868149401,10.0,,
noise,,,constrained,3.57936271718471,0.1293249674438256,0.03596297528320038,0.31422574255375785,14.341305664398101,1200.087255734871,-0.014599135296658869,10.0,t(df=3),3.0
noise,,,equal_weight,1.0993869844432431,0.05840228010657839,0.07122538951325531,0.0,30.0,1200.087255734871,-0.05070389042287293,10.0,t(df=3),3.0
noise,,,markowitz,3.5602872850993443,0.1353979280065779,0.038020552808337715,0.4254907488679109,12.853000270083024,1200.087255734871,-0.015033530448650745,10.0,t(df=3),3.0
noise,,,proposed,1.3098410335633637,0.06464487136305448,0.06042084803917369,0.015080431047216654,29.749384131106023,1200.087255734871,-0.04287678278543261,10.0,t(df=3),3.0
noise,,,ridge,2.580501117469544,0.10131696754692661,0.03701307254969139,0.07177780764155182,25.990994337950962,1200.087255734871,-0.023013768590350203,10.0,t(df=3),3.0
noise,,,shrinkage,3.0534871273780726,0.1072658239903943,0.0339758240026088,0.14549416304677265,23.558506323396504,44.237126174252886,-0.018529853335074325,10.0,t(df=3),3.0
noise,,,constrained,2.9813632592338135,0.08823135958695989,0.029837080820672195,0.2811767881193809,14.961054660835677,501.4472191801563,-0.012399251362108324,10.0,t(df=5),5.0
noise,,,equal_weight,0.97782382704544,0.05681048758158667,0.07210422249640354,0.0,30.0,501.4472191801563,-0.05010840794590702,10.0,t(df=5),5.0
noise,,,markowitz,2.833913483382151,0.08919511247029817,0.03167982813876057,0.35843979184369973,13.910920333282562,501.4472191801563,-0.014401920009302996,10.0,t(df=5),5.0
noise,,,proposed,1.3001480571764326,0.06262360979457167,0.0595871762660114,0.01052471480603718,29.75051612390512,501.4472191801563,-0.03993825903278355,10.0,t(df=5),5.0
noise,,,ridge,2.7900849868394633,0.08783732803397849,0.032201977093728885,0.05710223991177738,25.942856105469833,501.4472191801563,-0.016374741157817636,10.0,t(df=5),5.0
noise,,,shrinkage,2.9675097073646817,0.08828899871463498,0.02965872343382946,0.1627152836133059,21.824706210347866,75.57685881805124,-0.012918581104249038,10.0,t(df=5),5.0
noise,,,constrained,3.2231394694835784,0.09363667526943638,0.029519890049914347,0.2571091513163534,15.456743172224966,391.8943480226896,-0.013158341523048992,10.0,t(df=10),10.0
noise,,,equal_weight,1.3253737694204986,0.07952726229695768,0.07241994763905389,0.0,30.0,391.8943480226896,-0.05015571779847302,10.0,t(df=10),10.0
noise,,,markowitz,3.1985382651324326,0.09671745284311106,0.03063170742835584,0.3131819089314966,14.65841933370354,391.8943480226896,-0.01387174686850375,10.0,t(df=10),10.0
noise,,,proposed,1.6361063314700512,0.08211549752100583,0.060122233942503524,0.008598059246928018,29.738331668692755,391.8943480226896,-0.04028087870735653,10.0,t(df=10),10.0
noise,,,ridge,3.1400602946195897,0.09880440425763663,0.03225702974680902,0.05099465132345716,26.001535632447183,391.8943480226896,-0.01678398071157002,10.0,t(df=10),10.0
noise,,,shrinkage,3.3324424660379077,0.09667361425338417,0.02921098991962685,0.1782495613018699,20.31155325563225,112.0104156053535,-0.012289206332256164,10.0,t(df=10),10.0
noise,,,constrained,3.50596248242174,0.10486256497134505,0.030336123480695226,0.2504044954812727,15.348790669233097,345.2107077881322,-0.013129905497479943,10.0,normal,inf
noise,,,equal_weight,1.4506845387160467,0.08341446376424931,0.07283719495830811,0.0,30.0,345.2107077881322,-0.04849707098476563,10.0,normal,inf
noise,,,markowitz,3.4794538947797764,0.10679410945699779,0.031201056572077047,0.2951880754433914,14.759851556737452,345.2107077881322,-0.01364021686164966,10.0,normal,inf
noise,,,proposed,1.742235240992591,0.08581261858403226,0.06105721852171714,0.007839032175941694,29.751740136041686,345.2107077881322,-0.04015899730619107,10.0,normal,inf
noise,,,ridge,3.2200035121078954,0.10243487712037762,0.032964409812050836,0.05030506667671893,25.928058382216474,345.2107077881322,-0.01648146471674561,10.0,normal,inf
noise,,,shrinkage,3.5699258572246184,0.10537080140191347,0.029865581218666042,0.18606728706757594,19.41239096960746,124.60123723410452,-0.012147164081717898,10.0,normal,inf
