,sharpe,ann_return,ann_volatility,avg_turnover,avg_effective_n,avg_condition_number,max_drawdown,n_rebalances
equal_weight,0.7511531519860999,0.1408734273550396,0.1875428825434077,0.0,11.0,107.64832949851072,-0.36344039151231344,84.0
markowitz,0.4833841523952092,0.07604467730837271,0.15731727432842993,0.42320035542724255,1.677595367489332,107.64832949851072,-0.337959265251206,84.0
shrinkage,0.5275229663890777,0.08200660964460867,0.15545599882778222,0.3105093197519747,2.1851224913393574,61.19637222669476,-0.34281122041345247,84.0
robust_E,0.5005173226803531,0.08033826033474933,0.16051044927780853,0.15039100517032597,2.75409490339933,107.64832949851072,-0.33671945260366365,84.0
proposed,0.7098444525087934,0.12534470963090152,0.17658052998498117,0.038005675248655876,9.303334231471618,107.64832949851072,-0.35453448809011545,84.0
risk_parity,0.736101593721752,0.1330960172837461,0.18081202162708085,0.02384736710002646,10.353419880093274,107.64832949851072,-0.3566688280375766,84.0
sparse,0.5015943489433555,0.08050768214086634,0.16050356689715814,0.150800959905349,2.7603013826854976,107.64832949851072,-0.3366980325133796,84.0
sector_neutral,0.6896536426167683,0.15242298424986803,0.2210138174164151,0.2549104841247852,8.326284540050978,140.7596418737388,-0.3372875958339009,37.0
screened_exE,0.7012717398033811,0.12223850067591557,0.17430974861497794,0.04057579485281502,8.195030605033498,93.90313180450633,-0.337553409624353,84.0
